<?xml version="1.0" encoding="UTF-8"?>
<project-private xmlns="http://www.netbeans.org/ns/project-private/1">
    <editor-bookmarks xmlns="http://www.netbeans.org/ns/editor-bookmarks/2" lastBookmarkId="0"/>
    <open-files xmlns="http://www.netbeans.org/ns/projectui-open-files/2">
        <group>
            <file>file:/E:/NEW/Coursework%20(2)%20Prog%202/Update/w1742343/TrainStation/src/Passenger.java</file>
            <file>file:/E:/NEW/Coursework%20(2)%20Prog%202/Update/w1742343/TrainStation/src/TrainStation.java</file>
            <file>file:/E:/NEW/Coursework%20(2)%20Prog%202/Update/w1742343/TrainStation/src/PassengerQueue.java</file>
        </group>
    </open-files>
</project-private>
